{
    "PGA": {
        "GREATER_OF_TWO_HORIZONTALS": 99.3173469387755,
        "HN1": 99.3173469387755,
        "HN2": 81.28979591836733,
        "HNZ": 183.89693877551022
    },
    "PGV": {
        "GREATER_OF_TWO_HORIZONTALS": 100.81460000000004,
        "HN1": 100.81460000000004,
        "HN2": 68.4354,
        "HNZ": 37.47740000000001
    },
    "SA1.0": {
        "GREATER_OF_TWO_HORIZONTALS": 135.9267934939141,
        "HN1": 135.9267934939141,
        "HN2": 84.23215974982956,
        "HNZ": 27.436966897028416
    }
}